feature,importance
MonthlyCharges,0.21923926099490532
TotalCharges,0.2064915665048997
Tenure,0.17250113000513392
Age,0.17140805099318687
ContractType_Two-Year,0.07911545316126004
TechSupport_Yes,0.04257676875534396
ContractType_One-Year,0.037353694724768634
Gender_Male,0.033781355784929926
InternetService_Fiber Optic,0.0252243305661933
InternetService_None,0.012308388509378439
